{
  "css/style.css": 1734672263001,
  "controller/App.controller.js": 1734672263001,
  "controller/View1.controller.js": 1734672263005,
  "model/models.js": 1734672262997,
  "manifest.json": 1734672644335,
  "Component.js": 1734672262993,
  "controller/View1-dbg.controller.js": 1734672263005,
  "controller/View1.controller.js.map": 1734672644454,
  "controller/App-dbg.controller.js": 1734672263001,
  "controller/App.controller.js.map": 1734672644453,
  "model/models-dbg.js": 1734672262997,
  "model/models.js.map": 1734672644456,
  "Component-dbg.js": 1734672262993,
  "Component.js.map": 1734672644456,
  "Component-preload.js": 1734672644527,
  "Component-preload.js.map": 1734672644527,
  "view/View1.view.xml": 1734672383972,
  "view/App.view.xml": 1734672263005,
  "i18n/i18n.properties": 1734672262997,
  "index.html": 1734672262993
}